Player,Team,POS,xG,xTC,xTP,PPAS,PCRY,PBX,PRCV,PASS,PC%,HDA,TKLA,TKL%,AERA,AER%
Álex Baena,Villarreal,ATT,0.17,0.28,0.16,3.76,1.6,0.44,4.59,40.3,66.6,2.09,1.81,49.1,1.05,45.5
Lamine Yamal,Barcelona,ATT,0.32,0.24,0.18,3.5,3.57,2.33,5.03,44.57,75,2.96,1.81,66.7,0.12,25
Rodrigo De Paul,Atletico,MID,0.06,0.23,0.19,5.27,2.33,0.16,3.86,69.39,81.8,1.61,2.04,63.5,0.43,36.4
Luka Modric,Real Madrid,MID,0.07,0.23,0.21,6.42,2.24,0.45,4.51,88.69,87.4,1.8,2.3,62.8,0.86,31.6
Pedri,Barcelona,MID,0.07,0.23,0.21,5,2.5,0.23,5.93,78.82,87.5,2.21,2.96,54.4,0.34,58.3
Raphinha,Barcelona,ATT,0.44,0.23,0.15,3.03,1.78,1.15,6.12,42.93,71.4,2.15,1.61,66.1,0.4,71.4
Óscar Mingueza,Celta Vigo,DEF,0.06,0.22,0.18,5.62,1.64,0.24,3.28,65.73,76.9,0.75,2.39,50,0.63,52.4
Johan Mojica,Mallorca,DEF,0.02,0.21,0.1,4.1,0.95,0.18,1.77,48.68,74.1,0.39,1.66,64.3,0.83,32.1
Giovani Lo Celso,Real Betis,ATT,0.12,0.2,0.16,4.2,1.12,0.39,4.43,53.68,78.7,2.22,2.34,83.3,0.78,28.6
Arda Güler,Real Madrid,ATT,0.26,0.2,0.16,3.82,1.9,0.52,4.87,57.74,86.2,3,2.61,70,1.18,38.9
Bryan Zaragoza,Osasuna,ATT,0.13,0.19,0.07,1.98,2.81,1.84,2.8,25.71,64.9,1.2,1.24,55.6,0.51,18.2
Álvaro Tejero,Espanyol,DEF,0.05,0.19,0.09,2.86,0.81,0.13,2.5,39.41,72.1,0.64,1.65,46.1,1.33,42.9
Isco,Real Betis,ATT,0.2,0.19,0.14,4.24,1.98,0.26,5.89,61.43,81.6,2.31,1.94,54,1.78,38.2
Miguel Gutiérrez,Girona,DEF,0.05,0.19,0.08,2.9,1.33,0.17,3.47,50.48,82.8,0.97,1.91,68.4,0.64,21.1
Moi Gómez,Osasuna,MID,0.04,0.18,0.09,3.16,0.68,0.1,3,47.2,80.7,0.86,1.63,76.5,1.72,33.3
Daley Blind,Girona,DEF,0.01,0.18,0.16,6.62,2.11,0.06,2.07,76.81,89,0.5,1.91,75.4,1.24,40.5
José Gayà,Valencia,DEF,0.05,0.18,0.07,3.04,0.89,0.18,2.35,45.2,78.1,0.45,3.5,76.6,0.95,42.9
Óscar De Marcos,Athletic Club,DEF,0.05,0.18,0.1,4.13,0.69,0,1.73,52.76,79.4,0.57,2.46,70.2,0.94,44.4
Frenkie de Jong,Barcelona,MID,0.09,0.18,0.18,5.27,2.77,0.14,4.26,79.92,94.8,1.82,2.03,72.4,1.12,56.3
Diego Rico,Getafe,DEF,0.01,0.18,0.09,3.48,0.36,0.11,1.05,44.9,67.5,0.49,3.16,70.9,1.29,57.8
Dani Ceballos,Real Madrid,MID,0.02,0.18,0.18,5.99,2.63,0.07,4.3,92.45,94.4,1.84,4.15,67.2,0.2,66.7
Nicolas Pépé,Villarreal,ATT,0.26,0.18,0.11,2.12,2.1,1.46,5.4,34.1,79.3,1.67,1.67,67.7,1.78,45.5
Dani Raba,Leganes,ATT,0.16,0.17,0.09,2.19,1.04,0.35,3.68,28.63,67.3,2.96,2.7,60.7,0.88,25
Fermín López,Barcelona,ATT,0.3,0.17,0.12,2.68,1.38,0.75,5.44,42.39,82.1,3.33,2.76,43.2,1.57,40
Raúl Moro,Real Valladolid,ATT,0.18,0.17,0.07,2.27,2.58,1.96,3.49,27.81,64.8,0.87,1.4,55,0.8,30.4
Yáser Asprilla,Girona,ATT,0.11,0.16,0.1,2.74,2.31,1.38,3.8,37.24,72.2,1.61,2.01,62.9,0.4,57.1
Iván Sánchez,Real Valladolid,ATT,0.03,0.16,0.07,2.81,2.21,0.51,2.46,33.4,70.8,1.58,3.06,70.4,1.25,50
Jules Koundé,Barcelona,DEF,0.06,0.16,0.13,4.05,1.04,0.13,3,67.08,86.5,1.32,2.67,75.3,1.67,56.6
Vinícius Júnior,Real Madrid,ATT,0.36,0.16,0.13,2.45,4.27,3.8,5.31,33.58,74.8,2.94,1.3,60,0.22,0
Antony,Real Betis,ATT,0.18,0.16,0.12,3.13,3.71,1.86,4.76,46.11,81.4,1.98,2.4,62.5,1.08,22.2
Pablo Fornals,Real Betis,MID,0.07,0.16,0.11,3.92,0.99,0.23,3.73,50.11,80.2,1.67,1.72,52.6,1.76,46.1
Antoine Griezmann,Atletico,ATT,0.21,0.16,0.12,2.88,1.15,0.2,5.56,48.81,75,1.17,1.71,56.9,1.44,44.2
Iñigo Martínez,Barcelona,DEF,0.03,0.16,0.16,6.39,2.95,0,1.89,79.73,91,0.29,1.01,80.7,2.91,62.9
Joan Jordán,Deportivo Alaves,MID,0.07,0.16,0.1,3.57,0.57,0,2.2,52.13,75,1.32,2.58,71.1,1.66,55.2
Rubén García,Osasuna,ATT,0.09,0.16,0.07,2.52,0.82,0.45,4.47,42.23,74.4,2.02,2.96,60,2.19,46
Sergi Cardona,Villarreal,DEF,0.08,0.16,0.08,3.03,0.83,0.19,2.33,40.4,77.6,0.61,2.78,70,1.78,56.3
Íñigo Ruíz de Galarreta,Athletic Club,MID,0.03,0.16,0.12,3.58,0.88,0.17,3.18,48.11,81.3,2.29,2.69,76.6,1.09,36.8
Pablo Maffeo,Mallorca,DEF,0.01,0.16,0.06,2.63,1.02,0.1,1.75,36.2,70.4,0.77,2.54,83.6,1.25,52.8
Iñaki Williams Arthuer,Athletic Club,ATT,0.28,0.15,0.1,1.86,1.69,1.18,4.86,25.64,63.4,1.84,0.87,67.9,1.5,56.3
Iñaki Williams,Athletic Club,ATT,0.28,0.15,0.1,1.86,1.69,1.18,4.86,25.64,63.4,1.84,0.87,67.9,1.5,56.3
André Almeida,Valencia,ATT,0.06,0.15,0.1,2.71,1.24,0.46,3.54,39.35,84.4,1.83,2.99,70.8,0.83,30
Álvaro García,Rayo Vallecano,ATT,0.25,0.15,0.07,1.87,1,0.74,4.35,27.05,64.8,1.61,1.71,62.3,0.87,37
Iago Aspas,Celta Vigo,ATT,0.2,0.15,0.14,2.72,1.22,0.56,6.09,40.43,75.8,1.76,1.07,60.9,0.6,46.1
Koke,Atletico,MID,0.06,0.15,0.12,4.54,1.24,0,2.68,69.59,87.9,1.19,3.07,69.4,0.68,50
Luis Pérez,Real Valladolid,DEF,0,0.15,0.05,2.66,0.55,0.06,1.86,38.1,75.8,0.54,1.75,74.5,1.56,32.6
Yuri Berchiche,Athletic Club,DEF,0.02,0.15,0.11,4.47,1.07,0.16,1.47,55.53,84,0.6,1.92,68.8,1.88,57.5
Marcos Alonso,Celta Vigo,DEF,0.05,0.15,0.14,5.7,2.36,0.06,1.85,73.45,89.4,0.9,1.7,65.5,3.34,61.1
Eric García,Barcelona,DEF,0.11,0.15,0.13,5.05,1.25,0.05,2.48,69.24,92,1.24,2.48,81.3,2.48,54.2
Carlos Vicente,Deportivo Alaves,ATT,0.07,0.15,0.05,1.9,1.24,0.71,3.1,29.78,63.4,1.44,2.31,55.7,2.41,35.9
Rodrygo,Real Madrid,ATT,0.23,0.15,0.11,2.89,3.03,1.81,5.56,47.18,86,1.47,1.6,56.8,0.99,30.4
José Campaña,Las Palmas,MID,0.01,0.15,0.11,4.36,0.83,0.07,2.22,57.36,84.4,1.03,2.07,70,1.31,79
Gerard Martín,Barcelona,DEF,0.05,0.15,0.11,3.62,0.85,0.08,2.45,60.31,83.1,1.22,2.07,81.5,1.61,71.4
Jon Moncayola,Osasuna,MID,0.07,0.15,0.07,2.7,0.53,0.12,2.45,39.22,74.1,1.54,3.8,69.8,1.31,48.5
Manu Fuster,Las Palmas,ATT,0.08,0.15,0.1,3.1,1.26,0.23,4.67,47.52,77,1.6,2.37,61.3,1.22,18.8
Luis Rioja,Valencia,ATT,0.06,0.15,0.06,2.26,1.57,0.7,2.92,35.46,67.6,1.38,1.79,54.1,1.08,40.5
Dani Olmo,Barcelona,ATT,0.31,0.15,0.13,2.77,1.4,0.2,6.91,42.88,81.8,2.76,1.68,64,1.21,55.6
Brian Oliván,Espanyol,DEF,0.02,0.14,0.06,3.06,0.75,0,1.94,36.72,69.1,0.48,1.76,59.1,1.04,23.1
Javi Galán,Atletico,DEF,0.01,0.14,0.05,2.48,1.76,0.32,1.89,46.93,83,1.01,3.54,68.8,2.25,46.9
Sergio Gómez,Real Sociedad,ATT,0.06,0.14,0.08,2.23,0.87,0.21,2.82,43.86,74.9,1.77,3.05,74,1.25,46.3
Gerard Moreno,Villarreal,ATT,0.18,0.14,0.12,2.53,1.47,0.66,6.41,33.59,76.8,1.76,1.76,43.8,2.2,85
Andoni Gorosabel,Athletic Club,DEF,0.01,0.14,0.06,2.76,0.55,0.06,1.93,49.77,83,0.9,3.42,75.4,2.69,41.7
Jesús Areso,Osasuna,DEF,0.02,0.14,0.07,2.82,1.39,0.21,2.53,42.17,72.4,0.83,1.85,78.3,1.26,59.6
Sergi Darder,Mallorca,ATT,0.06,0.14,0.08,2.68,1.07,0.18,3.12,39.75,75.5,1.23,2.09,58.8,0.71,56.5
Nahuel Molina,Atletico,DEF,0.04,0.14,0.1,3.68,1.3,0.15,2.56,60.58,79.9,0.72,3.59,62.9,1.13,45.5
Federico Valverde,Real Madrid,MID,0.07,0.14,0.13,4.33,1.43,0.16,3.19,60.82,89.8,1.14,1.77,75.4,1.17,67.4
Lucas Vázquez,Real Madrid,DEF,0.06,0.14,0.13,3.56,1.26,0.57,2.94,61.39,87.2,0.9,2.98,73.4,0.64,35.3
Jonathan Bamba,Celta Vigo,ATT,0.08,0.14,0.08,2.26,1.9,0.91,5.42,36.47,79.1,1.42,1.83,66.7,1.52,33.3
Kiko Femenía,Villarreal,DEF,0.01,0.14,0.08,3.75,1.19,0,1.12,54.78,89.1,0.07,2.66,65.8,0.62,29.4
Pepelu,Valencia,MID,0.02,0.14,0.11,3.88,0.75,0.05,2.16,56.51,78.8,1.33,2.53,78.2,2.07,51.1
Luis Milla,Getafe,MID,0.04,0.13,0.08,2.64,0.73,0.06,1.52,43.61,73.5,1.47,2.64,64.5,1.87,48.5
Giuliano Simeone,Atletico,ATT,0.11,0.13,0.07,2.01,1.53,0.91,4.7,34.41,75.6,1.56,1.73,67.5,1.47,32.4
Sergio Carreira,Celta Vigo,DEF,0.05,0.13,0.09,2.79,1.29,0.59,2.85,44.04,75.9,0.88,1.87,76.3,0.84,17.6
Thierry Correia,Valencia,DEF,0.05,0.13,0.11,3.42,1.29,0.98,2.25,48.11,74.8,1.85,3.82,74.3,1.31,33.3
Pau Cubarsí,Barcelona,DEF,0.03,0.13,0.13,6.25,1.84,0,1.5,81.67,93.3,0.41,1.38,79.5,3.26,57.7
Takefusa Kubo,Real Sociedad,ATT,0.15,0.13,0.08,2.31,2.76,1.9,3.89,33.71,71.8,2.85,1.79,56.9,1.02,37.9
Juan Cruz,Leganes,ATT,0.09,0.13,0.07,1.98,1.14,0.65,2.63,25.71,68,1.15,1.73,58.3,1.26,42.9
Gavi,Barcelona,ATT,0.08,0.13,0.12,3.33,1.19,0,4.01,60.45,90,3.42,3.13,76.2,3.5,44.7
Damián Rodríguez,Celta Vigo,MID,0.01,0.13,0.11,4.08,1.37,0,3.4,68.81,88.9,1.1,1.95,60.9,0.34,0
Alejandro Balde,Barcelona,DEF,0.02,0.13,0.08,2.8,2.27,0.54,2.82,53.51,88,1.08,0.94,76.9,0.9,64
Rubén Peña,Osasuna,ATT,0.06,0.13,0.07,2.39,0.97,0.2,3.34,30.39,57.6,1.18,2.95,43.3,2.07,33.3
Ander Barrenetxea,Real Sociedad,ATT,0.12,0.13,0.09,1.9,1.85,1.16,4.71,34.19,70.9,2.97,2.65,63.4,1.35,33.3
Aitor Ruibal,Real Betis,DEF,0.08,0.13,0.09,2.69,0.73,0.24,2.72,36.65,80.8,1.2,3.18,62.3,1.2,35
Andrei Ratiu,Rayo Vallecano,DEF,0.06,0.12,0.09,2.77,1.78,0.69,3.14,47.08,81.4,1.07,2.62,74.5,1.36,39.2
Alex Berenguer,Athletic Club,ATT,0.22,0.12,0.06,1.73,1.38,0.97,4.48,34.12,66,2.48,1.65,56.5,2.77,36.4
Bryan Gil,Girona,ATT,0.15,0.12,0.07,2.26,2.32,1.6,4.85,36.68,82.1,3,2.27,70.2,0.24,0
Kylian Mbappé,Real Madrid,ATT,0.6,0.12,0.1,1.77,2.88,2.61,7.48,32.67,83.2,1.81,0.37,69.2,0.29,40
Yeremy Pino,Villarreal,ATT,0.18,0.12,0.09,2.19,1.16,0.86,4.56,30.49,73.7,2.37,4.14,63.5,1.21,50
Viktor Tsyhankov,Girona,ATT,0.11,0.12,0.08,2.05,1.7,1.22,4.46,37.65,74.3,1.7,1.39,62.5,1.13,34.6
Viktor Tsygankov,Girona,ATT,0.11,0.12,0.08,2.05,1.7,1.22,4.46,37.65,74.3,1.7,1.39,62.5,1.13,34.6
Marvin Park,Las Palmas,DEF,0.02,0.12,0.04,2.23,1,0.08,2.43,38.01,73.8,1.21,3.17,66.7,2.04,37
Ronald Araujo,Barcelona,DEF,0.09,0.12,0.12,5.26,2.39,0,1.33,79.28,91.7,0.33,1.42,92.3,5.69,59.6
Fran García,Real Madrid,DEF,0.06,0.12,0.08,3.05,1.62,0.41,2.61,58.39,86.7,0.72,2.83,69.3,1.47,43.6
Samuel Lino,Atletico,ATT,0.37,0.12,0.08,2.64,2.29,1.23,5.15,43.64,79.6,1.6,3.47,50.8,1.28,58.3
Edu Expósito,Espanyol,ATT,0.08,0.12,0.08,2.75,0.92,0.16,3.46,37.53,66,1.41,2.74,65.7,1.56,50
Nico Williams,Athletic Club,ATT,0.18,0.12,0.08,1.71,3.09,2.13,4.66,29.44,70.1,1.88,2,56.3,1.13,37
Santi Comesaña,Villarreal,MID,0.14,0.12,0.11,3.29,1.02,0.19,2.99,43.48,84.8,1.55,3.77,72.3,2.53,40
Ángel Correa,Atletico,ATT,0.39,0.12,0.09,1.31,1.34,1.17,5.34,25.17,73.6,2.79,1.62,55.6,0.81,11.1
Ladislav Krejcí,Girona,DEF,0.06,0.12,0.11,5.09,2.09,0,1.22,71.42,90,0.3,1.11,69.7,2.58,67.5
Alfonso Espino,Rayo Vallecano,DEF,0.06,0.12,0.07,3.2,0.92,0.38,1.79,46.92,73.6,1.15,5.85,67.2,2.3,54.2
Mika Mármol,Las Palmas,DEF,0.02,0.11,0.09,3.92,1.04,0.07,1.54,50.49,74.5,0.44,2.7,77.5,1.65,61.2
Dani Rodríguez,Mallorca,ATT,0.13,0.11,0.06,1.68,0.81,0.19,3.69,27.69,70.1,2.11,2.3,83,2.42,45.2
Antonio Blanco,Deportivo Alaves,MID,0.03,0.11,0.08,2.84,0.47,0,1.29,38.58,78.9,1.45,3.41,57.5,1.81,45
Arnaut Danjuma,Girona,ATT,0.27,0.11,0.06,1.84,3.03,2.39,4.41,26.76,72.8,0.98,0.8,61.5,0.31,40
Adri Embarba,Rayo Vallecano,ATT,0.09,0.11,0.04,1.54,1.21,0.4,3.84,30.22,64.6,2.27,3.33,59.1,2.27,26.7
Marcos Llorente,Atletico,DEF,0.02,0.11,0.07,2.76,1.4,0.39,2.63,50.7,85.6,0.91,2.79,79.1,0.94,51.7
Julián Alvarez,Atletico,ATT,0.35,0.11,0.09,1.72,1.58,0.79,4.64,32.01,74.3,1.92,1.46,56.8,1.46,27.3
Hugo Álvarez,Celta Vigo,DEF,0.13,0.11,0.09,2.81,2.38,2.26,3.73,51.66,79,1.03,1.8,77.1,0.87,35.3
Pep Chavarría,Rayo Vallecano,DEF,0.03,0.11,0.08,2.83,1.07,0.16,2.3,48.61,80,0.59,2,76.6,1.62,44.2
Dani Vivian,Athletic Club,DEF,0.07,0.11,0.1,4.71,1.49,0,1.03,55.08,87.1,0.69,1.67,81.1,2.26,55.6
Florian Lejeune,Rayo Vallecano,DEF,0.09,0.11,0.1,4.43,1.09,0,0.86,50.28,83.8,0.27,1.61,69.7,3.71,61.2
Dani Parejo,Villarreal,MID,0.03,0.11,0.1,3.98,0.79,0,2.7,55.46,87.3,1.4,2.69,69.3,1.18,72.7
Alejandro Francés,Girona,DEF,0.02,0.11,0.08,3.62,1.26,0.07,1.19,56.76,84.2,0.35,3.22,76.1,1.26,33.3
Coba da Costa,Getafe,ATT,0.13,0.11,0.06,1.48,2.16,1.82,3.46,25.13,64.4,2.07,3.32,65,3.24,48.7
Nayef Aguerd,Real Sociedad,DEF,0.09,0.11,0.1,4.93,2.18,0,1.09,66.01,87.4,0.29,1.81,81.6,4.43,67.7
Marc Casadó,Barcelona,MID,0.06,0.11,0.11,3.45,1.15,0,4.35,69.91,89.5,1.64,3.44,67.2,1.59,25.8
Donny van de Beek,Girona,ATT,0.09,0.11,0.11,1.29,0.48,0.17,3.63,25.59,81,2.12,2.46,69.8,0.97,47.1
Pablo Barrios,Atletico,MID,0.05,0.11,0.09,3.19,1.18,0.18,3.11,53.65,85.9,1.13,2.44,66.7,1.94,61.8
Juan Foyth,Villarreal,DEF,0.13,0.11,0.1,4.11,1.44,0,1.09,51.31,87.3,0.75,1.55,82.8,3.63,58.8
Tomás Conechny,Deportivo Alaves,ATT,0.35,0.11,0.04,1.82,0.65,0.09,4.41,30.69,63.9,1.97,3,43.8,3.57,52.6
Hugo Sotelo,Celta Vigo,MID,0.01,0.11,0.09,3.38,1.13,0,4.31,65.56,85.9,1.5,2.74,61.9,0.85,23.1
Javi Guerra,Valencia,MID,0.08,0.11,0.08,2.64,1.17,0.29,3.38,42.21,78.3,1.86,2.41,61.3,1.12,45.7
Abel Bretones,Osasuna,DEF,0.02,0.11,0.06,2.42,1.07,0.23,1.86,41.23,72.6,0.89,3.21,72.3,1.31,52.9
David López,Girona,DEF,0.03,0.11,0.11,4.77,2.2,0,1.01,68.91,92,0.37,1.49,72.7,1.93,50.9
Brahim Díaz,Real Madrid,ATT,0.29,0.11,0.1,2.31,1.29,0.76,4.94,38.31,86.9,1.57,1.92,69.7,0.93,18.8
Sheraldo Becker,Real Sociedad,ATT,0.16,0.1,0.05,1.48,1.82,0.82,3.89,25.62,64.4,1.07,0.49,50,1.89,30.4
Lucien Agoumé,Sevilla,MID,0.03,0.1,0.09,3.18,0.81,0.04,2.4,47.18,82,2.11,3.14,85.4,3.07,52.5
César Azpilicueta,Atletico,DEF,0.03,0.1,0.1,4.11,1.51,0,1.89,63.41,86.4,0.38,2.82,80,2.72,48.3
Pedro Díaz,Rayo Vallecano,MID,0.16,0.1,0.09,2.07,1.01,0,3.23,37.22,79,1.72,3.18,47.9,0.86,38.5
Fernando López,Celta Vigo,ATT,0.27,0.1,0.1,1.93,1.67,0.47,5.41,31.1,83.3,2.47,1.77,53.3,1.41,16.7
Youssouf Sabaly,Real Betis,DEF,0.01,0.1,0.07,2.96,0.76,0.21,1.65,51.88,87,0.78,2.61,84,1.1,38.1
Chuki,Real Valladolid,MID,0.28,0.1,0.02,1.18,0.5,0.11,2.6,17.91,68.9,1.33,1.56,50,1.33,16.7
Kike Pérez,Real Valladolid,MID,0.14,0.1,0.07,2.54,1.03,0.28,3,39.74,78.3,1.12,3.28,76.6,1.88,44.4
Stoichkov,Deportivo Alaves,ATT,0.14,0.1,0.08,1.52,0.57,0.11,3.68,23.49,61,2.65,1.99,72.2,2.21,25
Chidera Ejuke,Sevilla,ATT,0.09,0.1,0.07,2.01,3.12,2.16,3.98,35.36,81.5,1.68,2.32,65.5,1.04,30.8
Ferran Torres,Barcelona,ATT,0.65,0.1,0.08,1.43,0.94,0.89,5.89,24.53,74.8,1.92,0.96,64.3,0.82,41.7
Dimitri Foulquier,Valencia,DEF,0.02,0.1,0.07,2.61,1.18,0.11,1.52,44.98,78.8,0.63,2.11,80,1.12,40.6
Pape Gueye,Villarreal,MID,0.12,0.1,0.1,3.02,1.07,0.29,3.72,40.97,79.7,1.62,2.26,85.7,1.98,56.4
Brais Méndez,Real Sociedad,MID,0.19,0.1,0.09,2.45,1,0.38,4.75,43.94,78.3,2.4,2.13,66.7,2.4,40.9
Jude Bellingham,Real Madrid,ATT,0.34,0.1,0.1,2.63,1.61,0.6,6,51.24,86,1.99,2.35,83.1,1.99,48.3
Íñigo Lekue,Athletic Club,DEF,0.01,0.1,0.05,2.6,0.62,0.1,1.19,45.99,78.7,0.52,2.5,66.7,0.73,71.4
Juan Iglesias,Getafe,DEF,0.03,0.1,0.05,2.05,0.51,0.11,0.99,33.79,57.2,1.13,3.44,68,2,50.7
Éder Militão,Real Madrid,DEF,0.07,0.1,0.1,4.64,1.56,0,1.33,63.12,89.4,0.44,2.03,78.3,2.92,63.6
Alberto Moleiro,Las Palmas,ATT,0.16,0.1,0.08,1.77,1.73,0.73,4.16,31.54,81.4,1.12,1.76,51.7,0.85,14.3
Aurélien Tchouaméni,Real Madrid,DEF,0.05,0.1,0.09,4.06,1.34,0,1.71,61.75,92.2,0.76,2.08,72.1,3.05,76
Manu Morlanes,Mallorca,MID,0.05,0.1,0.08,2.94,0.84,0,2.58,42.88,88.8,1.29,3.5,77.2,1.66,37
Ramon Terrats,Getafe,ATT,0.21,0.1,0.06,1.6,0.42,0.14,2.61,24.28,65.2,1.52,2.7,51.3,1.94,50
Isi Palazón,Rayo Vallecano,ATT,0.17,0.1,0.08,2.18,0.82,0.19,4.47,38.1,77.1,2.04,1.77,46.8,2.19,31
Clément Lenglet,Atletico,DEF,0.08,0.1,0.1,4.63,1.72,0,0.82,56.66,87.5,0.37,1.33,87.5,3.08,50
Ricardo Rodríguez,Real Betis,DEF,0.01,0.1,0.07,2.91,0.96,0.06,1.18,48.06,82,0.58,2.45,79,2.77,62.8
Unai López,Rayo Vallecano,MID,0.06,0.09,0.09,3.2,0.95,0.1,3.49,60.05,84.3,1.61,2.44,62,1.22,32
Yeray Álvarez,Athletic Club,DEF,0.03,0.09,0.09,3.97,1.84,0,1.09,55.02,83.8,0.6,1.43,77.4,4.16,54.4
Arthur,Girona,MID,0.02,0.09,0.09,2.89,1.96,0,4.47,63.28,92.8,1.85,3.25,67.6,0.26,0
Kirian Rodríguez,Las Palmas,MID,0.1,0.09,0.09,3.49,1.18,0.05,4.14,57.45,85.4,1.05,2.73,59.6,1.44,43.3
Albert Sambi Lokonga,Sevilla,MID,0.03,0.09,0.09,3.2,1.07,0.06,3.03,49.78,89.5,1.12,1.4,88,2.29,65.8
Javi Muñoz,Las Palmas,ATT,0.05,0.09,0.06,2.24,0.7,0.22,2.82,36.52,78.2,1.47,2.38,57.9,1.22,33.3
Antonio Rüdiger,Real Madrid,DEF,0.07,0.09,0.09,4.35,1.7,0.04,1.22,66.16,91.9,0.53,0.82,82.6,2.07,60.3
Alfon González,Celta Vigo,ATT,0.26,0.09,0.08,0.96,2.41,2.92,4.66,21.63,69.8,2.46,0.92,50,0.92,18.8
Sandro Ramírez,Las Palmas,ATT,0.12,0.09,0.05,1.65,0.87,0.94,2.83,27.74,64,1.31,1.84,60,1.1,48.1
Carlos Romero,Espanyol,DEF,0.08,0.09,0.06,1.96,0.95,0.35,2.02,32.11,71.3,1.08,3.41,67.3,1.18,37.8
Robert Navarro,Mallorca,ATT,0.16,0.09,0.07,1.91,1.57,0.79,4.04,31.23,75.3,1.98,2.58,76.9,0.79,41.7
Ilaix Moriba,Celta Vigo,MID,0.07,0.09,0.09,2.21,0.94,0.27,3.54,37.62,85.5,2.38,3.45,74.4,1.96,54.9
Juanpe,Girona,DEF,0,0.09,0.09,4.38,1.42,0,0.68,64.54,87.3,0,1.11,80,3.65,75.8
Jon Aramburu,Real Sociedad,DEF,0.03,0.09,0.07,2.88,0.54,0.07,1.22,50.93,78.4,0.94,4.47,73.7,2.52,58.7
Leandro Cabrera,Espanyol,DEF,0.05,0.09,0.08,3.48,0.7,0,0.91,40.92,75.3,0.37,1.37,79.2,3.45,63.6
Diego López,Valencia,ATT,0.18,0.09,0.06,1.59,1.13,0.61,4.74,28.61,72.1,1.98,1.83,51.7,2.13,21.4
Iván Martín,Girona,MID,0.06,0.09,0.08,2.49,1.77,0.12,4.76,56.04,90.3,1.17,1.9,66,0.85,19.1
Antonio Candela,Real Valladolid,DEF,0,0.09,0.04,2.14,0.99,0.09,1.46,40.53,77.5,0.18,1.47,56.3,0.92,30
Aimar Oroz,Osasuna,MID,0.1,0.09,0.08,2.02,1.17,0.34,3.79,31.42,82.1,2.12,1.76,54,1.09,41
Arnau Martínez,Girona,DEF,0.08,0.09,0.08,3.09,1.1,0.13,2.78,57.89,86.5,0.84,2.44,61.5,1.47,57.5
Romain Perraud,Real Betis,DEF,0.03,0.09,0.05,2.18,0.96,0.36,2.12,45.39,79.6,0.71,2.45,59.7,0.99,32
Marc Roca,Real Betis,MID,0.1,0.09,0.07,2.89,1.24,0,2.19,48.63,86.9,1.54,2.63,72.4,1.72,21.1
Adrià Pedrosa,Sevilla,DEF,0.04,0.09,0.06,2.18,0.98,0.11,1.93,42.5,74.4,0.71,2.79,71.8,1.39,30.8
Chimy Ávila,Real Betis,ATT,0.2,0.09,0.05,1.53,0.77,0.46,4.03,27.53,70.2,2.43,1.74,60,1.62,35.7
Aritz Elustondo,Real Sociedad,DEF,0.03,0.09,0.09,3.18,1.31,0.06,1.07,50.99,85.7,0.56,1.4,80,3.02,57.4
Samú Costa,Mallorca,MID,0.07,0.09,0.07,2.77,0.65,0,2.85,45.02,80.5,1.53,3.99,68,3.4,64.2
Óscar Rodríguez,Leganes,ATT,0.16,0.09,0.06,2.02,0.94,0.42,3.05,33.16,71.9,1.26,2.88,64.6,2.1,34.3
Portu,Girona,ATT,0.23,0.09,0.06,1.11,0.78,0.4,4.04,23.22,72.3,1.88,1.68,76.5,2.17,45.5
Carlos Domínguez,Celta Vigo,DEF,0.01,0.09,0.09,4.21,1.6,0,1.12,65.3,88.5,0.14,1.89,85.7,2.98,65.9
Williot Swedberg,Celta Vigo,ATT,0.29,0.09,0.08,1,1.59,1.2,4.78,21.85,73.6,1.74,1.8,76.7,1.38,34.8
Mikel Vesga,Athletic Club,MID,0.03,0.09,0.09,2.75,0.63,0.24,2.73,42.94,80.5,1.29,3.23,57.5,3.31,58.5
Omar Alderete,Getafe,DEF,0.04,0.08,0.08,2.88,0.81,0,0.7,30.88,65.3,0.44,1.46,79.3,4.16,65.6
Eduardo Camavinga,Real Madrid,MID,0.05,0.08,0.08,3.24,1.64,0.44,3.12,58.33,88.2,1.32,4.11,78.6,2.87,51.3
Fran Beltrán,Celta Vigo,MID,0.04,0.08,0.08,3.09,1,0.03,2.62,50.03,88.6,1.08,2.81,62.6,1.52,42.2
Iván Balliu,Rayo Vallecano,DEF,0,0.08,0.06,2.51,0.33,0.13,0.97,41.84,76,0.77,1.87,62.1,2.58,37.5
Juanlu Sánchez,Sevilla,ATT,0.12,0.08,0.06,1.71,0.89,0.32,2.81,31.54,81.3,1.22,3.31,68.5,1.77,48.7
Abde Ezzalzouli,Real Betis,ATT,0.31,0.08,0.06,1.89,2.86,2.39,4.99,31.63,71.7,2.22,2.05,73.5,2.56,37.7
Saúl Ñíguez,Sevilla,MID,0.19,0.08,0.08,1.82,0.52,0.05,2.68,34.21,78.2,2.3,3.45,71.2,3.66,54.3
Álex Muñoz,Las Palmas,DEF,0.06,0.08,0.04,2.43,0.68,0.06,1.68,44.54,79.4,0.87,3.23,67.9,2.48,53.5
Enzo Barrenechea,Valencia,MID,0.04,0.08,0.08,3.04,0.71,0.04,2.29,51.42,86.3,1.41,2.7,80.3,2.17,61.4
Adama Boiro,Athletic Club,DEF,0.01,0.08,0.06,1.99,1.04,0.23,1.46,38,79.9,0.68,1.82,75,1.89,64
Viti Rozada,Las Palmas,DEF,0,0.08,0.06,1.93,0.8,0.21,1.44,38.37,80.5,1.11,3.49,88.2,1.52,46
Alejandro Catena,Osasuna,DEF,0.07,0.08,0.08,3.21,0.73,0,0.85,40.19,83.8,0.21,1.72,73.8,2.65,63
Javi Rodríguez,Celta Vigo,DEF,0.12,0.08,0.08,3.56,1.12,0.06,1.7,55,86.5,0.61,2.1,83.1,2.29,50.7
Javier Rodríguez,Celta Vigo,DEF,0.12,0.08,0.08,3.56,1.12,0.06,1.7,55,86.5,0.61,2.1,83.1,2.29,50.7
Yarek Gasiorowski,Valencia,DEF,0.08,0.08,0.07,2.74,0.63,0,0.56,40.62,80.3,0.25,2.02,83.3,3.03,61.1
Martín Zubimendi,Real Sociedad,MID,0.11,0.08,0.08,2.98,1.03,0.03,2.65,49.01,83.6,1.31,2.58,80.7,2.33,61.9
Luka Sucic,Real Sociedad,MID,0.15,0.08,0.07,1.8,1.21,0.18,3.69,40.54,82.5,2.45,1.85,62.5,2.31,50
José María Giménez,Atletico,DEF,0.01,0.08,0.08,3.98,1.03,0,0.49,55.23,92.1,0.33,1.47,72.2,3.06,49.3
José Giménez,Atletico,DEF,0.01,0.08,0.08,3.98,1.03,0,0.49,55.23,92.1,0.33,1.47,72.2,3.06,49.3
Óscar Valentín,Rayo Vallecano,MID,0.04,0.08,0.07,2.4,0.62,0.04,1.54,36.07,82.8,1.79,3.89,58.4,3.14,47.2
Raúl Albiol,Villarreal,DEF,0.01,0.08,0.08,4.1,1.05,0,0.75,55.32,89.6,0.07,0.95,71.4,2.65,66.7
Kike Salas,Sevilla,DEF,0.08,0.08,0.07,3.08,0.44,0,1.17,51.05,78.5,0.72,2.41,71.6,3.96,69.1
Pol Lozano,Espanyol,MID,0.01,0.08,0.06,2.48,0.72,0,1.79,35.33,83.8,1.51,3.71,61.6,1.03,37.5
Manu Sánchez,Deportivo Alaves,DEF,0.05,0.08,0.04,1.79,0.74,0.22,1.32,34.63,72.6,1.25,3.46,75.7,1.22,17.9
Carles Pérez,Getafe,ATT,0.18,0.08,0.03,1.1,1.12,0.45,2.72,18.91,67.2,2.43,3.22,56.1,2.31,31.7
Javi Hernández,Leganes,DEF,0.03,0.08,0.06,2.16,0.94,0.17,1.43,35.95,75.3,0.96,1.85,50,1.37,45
Loïc Badé,Sevilla,DEF,0.02,0.08,0.08,3.91,0.86,0.03,0.59,54.88,85.7,0.15,1.6,84.9,2.84,69.2
Carlos Martín,Deportivo Alaves,ATT,0.16,0.08,0.05,1.13,0.52,0.25,3.11,24.09,65.4,2.66,4.76,55.8,2.04,36.4
Logan Costa,Villarreal,DEF,0.03,0.08,0.08,3.6,1.08,0,0.86,47.98,87.8,0.25,1.37,88.6,2.53,55.6
Carles Aleñá,Deportivo Alaves,ATT,0.09,0.08,0.06,1.98,0.67,0.08,3.32,35.52,76.6,2.64,2.19,65.5,1.13,53.3
Valentin Rosier,Leganes,DEF,0.03,0.08,0.06,2.38,0.81,0.22,1.57,37.58,79.3,0.62,2.99,74,1.31,61.9
Pathé Ciss,Rayo Vallecano,MID,0.06,0.08,0.08,3.12,0.7,0.04,1.81,45.1,84.7,0.69,2.64,71,2.95,62.3
Axel Witsel,Atletico,DEF,0,0.08,0.08,3.37,1.27,0,0.64,50.99,90.5,0.37,1.78,84.2,3.74,62.5
Omar El Hilali,Espanyol,DEF,0,0.08,0.06,2.61,0.6,0.05,0.98,41.03,78.9,0.44,3.64,80,1.69,53.9
Christantus Uche,Getafe,ATT,0.13,0.07,0.06,0.92,0.77,0.5,4.55,19.67,65.8,3.18,1.49,75.6,7.03,43.9
Nahuel Tenaglia,Deportivo Alaves,DEF,0.07,0.07,0.05,2.32,0.76,0.14,1.5,38.95,72.1,0.64,3.48,74.6,2.71,45.9
Jesús Vázquez,Valencia,DEF,0.03,0.07,0.04,1.38,1.36,0.44,2.23,39.41,76.6,0.88,2.55,75.9,2.2,48
Jesús Rodriguez,Real Betis,ATT,0.16,0.07,0.06,1.72,2.87,2.68,3.56,24.71,73.2,2.23,2.31,58.1,0.82,27.3
Antonio Raíllo,Mallorca,DEF,0.08,0.07,0.07,3.01,1.17,0,1.15,45.17,88.8,0.41,0.9,82.9,5.44,60.4
Moussa Diarra,Deportivo Alaves,DEF,0,0.07,0.07,3.02,0.53,0.08,0.97,35.35,80.4,0.34,2.16,76.5,2.46,51.7
Beñat Prados,Athletic Club,MID,0.04,0.07,0.05,1.97,0.66,0.05,2.44,37.81,82.3,1.89,3.97,65.8,2.52,53.9
Ander Guevara,Deportivo Alaves,MID,0.04,0.07,0.07,2.5,0.61,0,1.98,40.73,77,1.11,2.96,63.9,2.92,39.4
Gerard Gumbau,Rayo Vallecano,MID,0.13,0.07,0.05,2.13,0.41,0.09,2.66,38.86,75.6,1.49,2.14,69.6,3.63,43.6
Dodi Lukébakio,Sevilla,ATT,0.25,0.07,0.05,1.39,2.19,1.64,4.91,27.93,74.1,1.59,0.87,63.6,0.98,43.2
Ferland Mendy,Real Madrid,DEF,0,0.07,0.07,3.19,0.68,0,1.69,55.81,93.9,0.33,1.66,85,0.5,66.7
Pau Navarro,Villarreal,DEF,0,0.07,0.07,3.23,0.51,0,0.91,50.93,89.1,0.18,3.78,53.5,1.93,36.4
Oriol Romeu,Girona,MID,0.01,0.07,0.06,2.5,1.47,0.06,3.28,53.47,90.5,1.52,2.91,75,1.82,40
Jorge de Frutos,Rayo Vallecano,ATT,0.24,0.07,0.04,1.23,1.39,0.87,4.08,22.27,68.4,2.35,2.31,55.1,1.34,37.5
Antonio Sánchez,Mallorca,ATT,0.08,0.07,0.04,1.62,0.56,0.35,2.38,30.92,72.8,1.33,2.94,56.9,1.1,31.6
Jon Olasagasti,Real Sociedad,MID,0.12,0.07,0.07,1.53,0.81,0.19,3.99,38.33,77.1,2.76,2.76,69,3.24,35.3
José Ángel Carmona,Sevilla,DEF,0.02,0.07,0.06,2.71,0.85,0.14,1.38,49.89,80.6,0.75,3.29,70.3,1.48,60.4
Javi López,Real Sociedad,DEF,0.01,0.07,0.06,2.31,0.74,0.04,1.46,44.26,78.3,1.15,2.26,73.6,1.11,26.9
Lucas Rosa,Real Valladolid,DEF,0.04,0.07,0.06,1.74,0.81,0.13,1.97,35.8,76.2,0.56,2.98,76.8,1.21,64.3
Igor Zubeldia,Real Sociedad,DEF,0.05,0.07,0.07,3.26,1.62,0,0.93,54.29,86.4,0.44,1.68,76.1,5.33,45.9
Reinildo,Atletico,DEF,0.01,0.07,0.07,3.04,0.97,0.17,1.37,52.53,84.3,0.61,2.08,66.7,2.08,41.7
Javi Sánchez,Real Valladolid,DEF,0.02,0.07,0.07,3.35,0.65,0,0.74,46.96,87.5,0.16,1.33,75.8,2.54,54
Cristhian Mosquera,Valencia,DEF,0.01,0.07,0.07,3.49,1.16,0,0.67,50.35,90.6,0.15,1.52,87.1,2.13,43.7
Sergi Altimira,Real Betis,MID,0.07,0.07,0.07,2.58,0.95,0,2.72,51.59,89.3,1.9,3.43,73.5,1.24,40
Jon Pacheco,Real Sociedad,DEF,0.01,0.07,0.07,2.66,1.4,0,0.71,46.6,83.4,0.19,1.6,88.2,3.58,44.7
Mikel Jauregizar,Athletic Club,MID,0.05,0.07,0.06,2.37,0.64,0,2.68,41,80.4,2.49,4.5,68.3,2.45,46.3
Allan Nyom,Getafe,DEF,0.04,0.07,0.05,1.74,0.49,0.09,1.54,31.37,79.8,1.34,1.87,90.5,1.96,36.4
Djibril Sow,Sevilla,MID,0.12,0.07,0.06,1.99,0.64,0.04,3.07,39.57,89,1.35,1.35,73.5,1.83,50
Jorge Sáenz,Leganes,DEF,0.07,0.07,0.07,3.18,0.58,0,0.67,43.42,83.9,0.19,2.23,80.4,3.93,50.6
Oihan Sancet,Athletic Club,ATT,0.38,0.07,0.06,1.57,1.32,0.41,5.15,28.96,80.8,1.78,1.17,56.5,1.12,50
Carl Starfelt,Celta Vigo,DEF,0.03,0.07,0.07,3.7,1.13,0,0.5,58.78,93.5,0.07,1.76,81.6,3.95,54.5
Facundo Garcés,Deportivo Alaves,DEF,0.01,0.07,0.07,1.85,0.2,0,0.37,23.11,77.8,0.47,0.93,75,3.39,51.7
Diego Llorente,Real Betis,DEF,0.06,0.07,0.07,3.12,1.09,0,0.82,51.36,87,0.29,1.52,76.6,3.82,61.9
Beñat Turrientes,Real Sociedad,MID,0.03,0.07,0.04,1.9,1.12,0.17,3.15,39.03,89.6,1.21,2.16,64,2.42,39.3
Djené Dakonam,Getafe,DEF,0.01,0.07,0.05,2.12,0.48,0,0.72,29.48,75.8,0.8,1.34,57.1,2.33,58.9
Conor Gallagher,Atletico,ATT,0.13,0.07,0.06,1.83,0.76,0.15,3.57,42.18,85,2.22,3.73,62.2,1.41,32.1
Martin Valjent,Mallorca,DEF,0.03,0.07,0.07,2.95,1.06,0.03,0.87,41.44,85.9,0.15,1.22,75.6,2.59,52.9
Cédric Bakambu,Real Betis,ATT,0.36,0.07,0.07,0.57,0.46,0.54,4.42,13.58,67.5,3.45,0.86,62.5,4.2,30.8
Enzo Boyomo,Osasuna,DEF,0.04,0.07,0.07,2.99,0.85,0,0.92,38.21,86.8,0.41,2.15,88.6,1.77,46.1
Yangel Herrera,Girona,MID,0.14,0.07,0.06,1.92,0.83,0.04,4.28,39.2,81.3,2.28,3.38,69.6,3.27,52.8
Marc Bartra,Real Betis,DEF,0.05,0.07,0.06,2.97,1.03,0.04,0.68,45.27,81.4,0.39,1.79,78.3,3.55,52.8
Rafa Mir,Valencia,ATT,0.27,0.07,0.02,0.78,0.46,0.21,4.65,20.95,71.9,0.84,1.47,57.1,3.37,37.5
Raúl Asencio,Real Madrid,DEF,0.01,0.06,0.06,3.1,0.89,0,0.71,48.67,93.8,0.25,1.23,88,2.17,68.2
Raúl,Real Madrid,DEF,0.01,0.06,0.06,3.1,0.89,0,0.71,48.67,93.8,0.25,1.23,88,2.17,68.2
Antoniu Roca,Espanyol,ATT,0.08,0.06,0.03,1.08,1.25,0.47,2.53,17.27,67.9,1.88,2.5,65.6,2.03,23.1
Aitor Paredes,Athletic Club,DEF,0.1,0.06,0.06,3.18,0.85,0,0.52,43.16,82.8,0.14,0.96,66.7,2.64,51.7
Nemanja Gudelj,Sevilla,DEF,0.02,0.06,0.05,2.32,0.48,0,1.08,44.77,87,0.69,1.93,76.3,2.35,63.9
Pablo Durán,Celta Vigo,ATT,0.2,0.06,0.05,0.93,0.72,0.64,5.03,23.31,71.3,2.79,1.51,65.4,2.5,25.6
Jofre Carreras,Espanyol,ATT,0.11,0.06,0.04,1.14,1.74,1.04,3.23,20.19,67.5,1.27,1.23,71.9,0.84,22.7
Juan Bernat,Getafe,ATT,0.09,0.06,0.04,1.04,0.42,0,2.37,22.56,71.3,1.39,2.54,77.3,2.78,41.7
Sergio González,Leganes,DEF,0.04,0.06,0.06,3.08,0.62,0,0.54,42.14,83.8,0.11,1.53,74.5,3.33,54.2
David Torres,Real Valladolid,DEF,0.01,0.06,0.06,3.12,0.87,0,0.69,42.18,82.6,0.12,1.07,77.8,2.31,48.7
Mario Martín,Real Valladolid,MID,0.09,0.06,0.06,1.84,0.83,0.05,2.59,38.08,83.9,2.23,4.27,68.9,3.03,46.9
Robin Le Normand,Atletico,DEF,0.07,0.06,0.06,2.46,0.88,0,0.8,49.08,90.3,0.27,1.25,78.8,3.45,59.3
Jon Martín,Real Sociedad,DEF,0.05,0.06,0.06,2.83,1.06,0,0.88,49.3,86.5,0.64,1.37,80,5.58,86.9
Fernando Calero,Espanyol,DEF,0.05,0.06,0.06,2.9,0.58,0,0.78,40.3,84.2,0.21,2.19,81,3.13,46.7
Lucas Torró,Osasuna,MID,0.07,0.06,0.06,1.98,0.31,0,2.56,37.74,75.7,1.25,2.9,74,6.27,69.3
Álex Suárez,Las Palmas,DEF,0.01,0.06,0.06,3.06,0.66,0,0.67,45.49,85.9,0.27,1.65,85.7,2.32,33.3
Abdel Abqar,Deportivo Alaves,DEF,0.02,0.06,0.06,2.33,0.79,0,0.4,30.73,76.8,0.39,1.6,71.4,2.32,54.9
Jon Guridi,Deportivo Alaves,ATT,0.13,0.06,0.05,1.42,0.69,0.08,3.37,29.2,74.9,1.6,2.51,63.5,4.63,41.4
Ayoze Pérez,Villarreal,ATT,0.6,0.06,0.04,1.15,1.25,1.2,5.5,17.34,75.6,1.82,1.87,60,1.87,28.9
Adrià Alti,Leganes,DEF,0.02,0.06,0.05,1.69,0.74,0.15,1.68,31.12,78.8,0.66,2.84,75,1.57,35.5
Stefan Bajcetic,Las Palmas,MID,0.02,0.06,0.06,1.9,0.54,0,1.64,36.1,72.1,1.65,3.91,64.4,2.43,57.1
Renato Tapia,Leganes,MID,0.03,0.06,0.06,2.21,0.52,0.07,1.36,35.79,78.8,0.88,2.91,69.8,1.89,58.9
Copete,Mallorca,DEF,0.03,0.06,0.06,2.83,0.79,0,0.62,40.32,83.3,0.53,1.63,96.8,2.11,65
Pablo Marín,Real Sociedad,MID,0.13,0.06,0.05,1.26,0.81,0.07,3.17,30.31,80.3,2.25,2.18,72.7,2.71,39
Natan,Real Betis,DEF,0.02,0.06,0.05,2.74,1.02,0,0.76,44.51,88.6,0.28,1.41,90,3.17,68.9
Santiago Mouriño,Deportivo Alaves,DEF,0.06,0.06,0.05,2.13,0.69,0,0.54,30,77.4,0.48,2.53,72.4,2.84,58.5
Aihen Muñoz,Real Sociedad,DEF,0.02,0.06,0.05,2.1,0.69,0,1.31,47.8,71.2,0.76,2.8,62.2,2.88,57.9
Urko González,Espanyol,MID,0.04,0.06,0.06,1.58,0.94,0.06,1.58,26.18,77.8,1.15,3.7,75.4,2.12,57.1
Eray Cömert,Real Valladolid,DEF,0.07,0.06,0.06,2.73,0.71,0,0.94,41.61,88,0.14,1.72,73.7,1.76,46.1
Munir El Haddadi,Leganes,ATT,0.11,0.05,0.05,1.14,0.6,0.25,4.21,22.52,75.8,2.1,1.76,57.1,2.94,28.6
Marash Kumbulla,Espanyol,DEF,0.06,0.05,0.05,2.63,0.81,0,0.56,38.49,84.5,0.3,1.78,76.9,3.14,60.9
Jorge Herrando,Osasuna,DEF,0.12,0.05,0.05,2.88,0.7,0,0.98,43.14,85.8,0.41,1.3,72.7,2.25,73.7
Enzo Loiodice,Las Palmas,MID,0.02,0.05,0.05,2.39,0.68,0,3.1,51.28,84.5,1.38,2.77,70.8,1.73,46.7
Alex Král,Espanyol,MID,0.05,0.05,0.05,1.19,0.65,0.18,2.47,24.97,71.8,1.13,1.93,81.5,1.96,57.6
Dário Essugo,Las Palmas,MID,0.03,0.05,0.05,2.34,0.72,0.04,1.87,40.83,85.6,1.07,3.18,78.4,2.49,50
César Tárrega,Valencia,DEF,0.06,0.05,0.05,2.81,1.22,0,0.67,45.59,84.3,0.3,1.57,84.5,4.02,59.1
Selim Amallah,Real Valladolid,MID,0.09,0.05,0.05,1.42,0.71,0,2.65,24.63,78,1.58,2.43,77.5,1.28,23.8
Scott McKenna,Las Palmas,DEF,0.04,0.05,0.05,2.77,0.7,0,0.87,48.37,86.9,0.1,0.79,87.5,4.14,66.7
Mateu Morey,Mallorca,DEF,0.05,0.05,0.04,1.92,0.91,0.44,1.69,42.48,77.8,0.88,3.51,68.8,1.54,57.1
Abdul Mumin,Rayo Vallecano,DEF,0.04,0.05,0.05,2.91,0.63,0.04,0.59,43.95,82.7,0.32,2.01,78,2.22,54.5
Yvan Neyou,Leganes,MID,0.03,0.05,0.05,1.96,0.73,0.04,2.24,40.1,86.2,1.21,2.64,67.6,1.46,53.7
Cenk Özkacar,Real Valladolid,DEF,0.02,0.05,0.05,2.91,0.63,0,0.55,41.89,84.9,0.43,2.04,47.4,2.68,48
Johnny Cardoso,Real Betis,MID,0.08,0.05,0.05,2,0.77,0.04,2.32,41.9,85.9,1.63,3.14,66.3,1.66,61.4
Omar Mascarell,Mallorca,MID,0.03,0.05,0.05,2.22,0.5,0,1.53,39.16,84.2,0.61,1.96,56.3,2.78,61.8
Vitor Roque,Real Betis,ATT,0.41,0.05,0.04,0.66,0.92,0.92,3.75,12.93,73.5,3.23,1.06,81.3,2.77,35.7
Isaac Romero,Sevilla,ATT,0.25,0.05,0.03,0.54,0.52,0.49,3.84,16.62,70.4,2.71,0.98,50,3.05,37
Juan Cruz,Osasuna,DEF,0.01,0.05,0.05,2.22,0.35,0.05,0.64,35.88,78.1,0.43,1.86,77.1,1.06,50
Takuma Asano,Mallorca,ATT,0.25,0.05,0.04,0.91,0.91,0.95,4.43,17.35,68,1.03,1.43,72.2,2.54,21.9
Álex Sola,Getafe,ATT,0.06,0.05,0.02,0.88,1.09,0.56,3.23,19.44,64.6,2.8,2.96,56.8,3.76,40.4
Peque,Sevilla,ATT,0.15,0.05,0.05,1.16,0.57,0.14,3.5,25.01,79.9,2.01,2.01,64.3,2.36,21.2
Peque Fernández,Sevilla,ATT,0.15,0.05,0.05,1.16,0.57,0.14,3.5,25.01,79.9,2.01,2.01,64.3,2.36,21.2
Fábio Silva,Las Palmas,ATT,0.27,0.05,0.04,0.71,0.63,0.71,5.39,20.67,66.2,2.09,1.07,54.2,4.58,51.5
Seydouba Cissé,Leganes,MID,0.07,0.05,0.04,1.71,0.77,0.1,2.62,39.39,84.3,2.02,2.91,67.1,2.13,41.9
Willy Kambwala,Villarreal,DEF,0.02,0.05,0.05,2.62,0.67,0,0.55,42.6,87.7,0.22,1.52,90.5,2.4,45.5
Aridane Hernández,Rayo Vallecano,DEF,0.14,0.05,0.05,2.53,0.48,0,0.54,41.5,87.9,0,1.18,86.7,4.65,67.8
Adam Aznou,Real Valladolid,DEF,0.02,0.05,0.03,1.39,1,0.27,1.57,31.68,71.4,1.1,4.49,59.2,1.37,73.3
Juma Bah,Real Valladolid,DEF,0.02,0.05,0.05,2.26,0.39,0,0.9,38.06,81.5,0,1.12,83.3,3.75,72.5
Matija Nastasic,Leganes,DEF,0.01,0.05,0.05,2.15,0.41,0,0.32,32.86,82.5,0.15,1.31,76.5,2.16,73.2
Cucho Hernández,Real Betis,ATT,0.31,0.05,0.05,1.25,0.9,0.81,5.33,22.76,71.8,2.36,1.47,75,4.71,46.9
Mikel Oyarzabal,Real Sociedad,ATT,0.29,0.04,0.03,0.7,0.65,0.41,4.37,18.82,73.2,1.91,1.42,65.8,4.04,31.5
Álvaro Rodríguez,Getafe,ATT,0.13,0.04,0.04,0.81,0.5,0.18,6.98,22.2,46.9,4.05,1.38,66.7,16.67,56.4
Vedat Muriqi,Mallorca,ATT,0.29,0.04,0.04,0.77,0.31,0.37,6.45,19.95,60.8,1.55,0.45,63.6,9.41,57.6
Javi Puado,Espanyol,ATT,0.23,0.04,0.03,0.84,1.08,0.64,3.43,18.81,77.2,0.89,0.98,65.7,1,22.2
Thierno Barry,Villarreal,ATT,0.47,0.04,0.04,0.47,0.79,0.56,5.37,11.67,62.4,2.16,0.73,61.9,4.98,66.4
Maroan Sannadi,Athletic Club,ATT,0.37,0.04,0.04,0.75,1.11,0.87,7.32,17.37,72.5,3.37,1.09,40,3.37,41.9
Juan Berrocal,Getafe,DEF,0.05,0.04,0.04,1.98,0.33,0,0.35,28.2,76.1,0.22,1.33,77.8,3.48,66
Stanko Juric,Real Valladolid,MID,0.02,0.04,0.04,1.76,0.35,0,1.61,35.92,84.5,0.81,3.57,62.7,3.48,65.8
Domingos Duarte,Getafe,DEF,0.03,0.04,0.04,1.93,0.28,0,0.38,27.95,78.3,0.53,1.36,90.3,1.98,64.4
Pablo Ibáñez,Osasuna,MID,0.06,0.04,0.03,1.28,0.89,0.25,2.93,31.47,75.3,1.86,3.04,44.9,2.61,45.2
Sergio Camello,Rayo Vallecano,ATT,0.29,0.04,0.03,0.73,0.81,0.65,4.78,19.22,78.5,2.25,1.02,85.7,2.68,29.7
Juan Herzog,Las Palmas,DEF,0.04,0.04,0.04,2.1,0.31,0,0.97,38.94,86.5,0.06,1.09,61.1,4.36,61.1
Bertug Yildirim,Getafe,ATT,0.19,0.04,0.03,0.56,0.33,0.15,4.39,14.01,54,3.3,1.2,68.8,9.97,54.1
Anuar Tuhami,Real Valladolid,ATT,0.13,0.04,0.03,0.82,0.58,0.19,2.65,24.47,81.5,1.41,2.57,75.5,2.82,37.9
Toni Martínez,Deportivo Alaves,ATT,0.28,0.04,0.03,0.53,0.26,0.23,5.63,18.23,59.1,2.38,1,69.2,10.77,53.6
Oliver McBurnie,Las Palmas,ATT,0.26,0.03,0.03,0.65,0.27,0.31,5.27,18.04,65.9,2.01,0.96,68.2,7.78,48.9
Mauro Arambarri,Getafe,MID,0.21,0.03,0.03,1.08,0.35,0.09,2.12,24.65,73,2.24,2.33,69.7,3.37,52.7
Kike García,Deportivo Alaves,ATT,0.24,0.03,0.03,0.6,0.38,0.25,6.16,18.59,64.9,2.6,0.89,64.3,6.56,52.7
Borja Iglesias,Celta Vigo,ATT,0.5,0.03,0.03,0.66,0.43,0.38,5.11,21.05,70.2,2.22,0.77,50,1.75,31.7
Darko Brasanac,Leganes,ATT,0.1,0.03,0.03,1.1,0.26,0,2.45,24.86,75.5,1.4,1.7,76.5,2.9,34.5
Unai Gómez,Athletic Club,ATT,0.14,0.03,0.03,0.65,0.56,0,3,19.18,73.3,1.2,0.95,80,3.8,48.3
Abel Ruiz,Girona,ATT,0.18,0.03,0.03,0.53,0.67,0.49,4.4,16.67,88.2,0.86,0.56,66.7,1.6,34.6
Jaime Mata,Las Palmas,ATT,0.26,0.03,0.03,0.66,0.24,0.11,5.02,19.89,67.9,2.34,1.28,50,5.85,49.1
Gorka Guruzeta,Athletic Club,ATT,0.3,0.03,0.03,0.6,0.27,0.04,4.18,18.63,72.8,2.73,1.7,39.5,4.7,36.2
Miguel de la Fuente,Leganes,ATT,0.19,0.03,0.02,0.39,0.52,0.33,4.65,11.31,58.8,2.31,1.23,61.5,5.94,23.8
Cristhian Stuani,Girona,ATT,0.47,0.03,0.03,0.3,0.06,0.07,3.23,11.36,69.9,2.26,0.8,72.7,2.69,56.8
Tamás Nikitscher,Real Valladolid,MID,0,0.03,0.03,1.15,0.4,0,1.34,29.56,91,0.76,2.09,77.3,2.28,62.5
Tasos Douvikas,Celta Vigo,ATT,0.44,0.02,0.01,0.29,0.6,0.55,4.71,11.8,70.1,2.21,1.43,69.2,4.08,43.2
Umar Sadiq,Valencia,ATT,0.37,0.02,0.02,0.41,0.67,0.2,6.18,16.87,71.7,3.22,1.17,83.3,3.9,52.5
Alexander Sørloth,Atletico,ATT,0.9,0.02,0.02,0.57,0.93,0.78,6.96,18.57,63.3,1.87,0.57,81.8,7.44,65.7
Robert Lewandowski,Barcelona,ATT,0.75,0.02,0.02,0.48,0.37,0.37,5.01,16.3,73.2,1.94,0.47,60,2.31,46
Borja Mayoral,Getafe,ATT,0.21,0.02,0.02,0.6,0.43,0.57,3.55,18.09,78.8,1.56,0.78,45.5,3.97,30.4
Diego García,Leganes,ATT,0.29,0.02,0.01,0.41,0.32,0.27,4.89,12.95,63.4,1.6,0.47,14.3,8.21,35.8
Mamadou Sylla,Real Valladolid,ATT,0.1,0.02,0.02,0.4,0.41,0.31,3.72,14.36,62.7,1.54,0.77,60,5.04,42.9
Roberto Fernández,Espanyol,ATT,0.23,0.02,0.02,0.42,0.32,0.17,4.67,14.67,72.8,1.41,0.45,50,5,37.1
Hugo Duro,Valencia,ATT,0.33,0.02,0.02,0.37,0.18,0.11,4.54,16.19,69.9,2.38,0.79,66.7,6.2,36.6
Juanmi Latasa,Real Valladolid,ATT,0.27,0.02,0.02,0.39,0.13,0.05,4.78,14.29,59.6,1.98,0.44,50,7.75,58.9
Marcos André,Real Valladolid,ATT,0.25,0.02,0.02,0.48,0.31,0.14,4.15,14.28,66.2,2.21,1.17,58.8,6.21,50
Raúl García,Osasuna,ATT,0.28,0.02,0.02,0.4,0.62,0.29,4.83,16.41,69.2,2.23,1.75,72.2,4.08,47.6
Orri Óskarsson,Real Sociedad,ATT,0.49,0.02,0.01,0.36,0.29,0.26,4.29,16.69,52.6,1.55,0.77,66.7,7.14,33.7
Bojan Miovski,Girona,ATT,0.23,0.02,0,0.24,0.11,0.1,3.72,10.78,75.9,1.93,1.16,58.3,3.37,37.1
Ante Budimir,Osasuna,ATT,0.4,0.01,0.01,0.28,0.39,0.23,4.7,11.93,56.4,1.89,0.87,67.7,7.26,50.8
Randy Nteka,Rayo Vallecano,ATT,0.22,0.01,0.01,0.34,0.28,0.36,4.35,15.97,64.5,3.41,1.52,76.2,6.75,44.1
Cyle Larin,Mallorca,ATT,0.29,0.01,0.01,0.37,0.42,0.33,6.27,14.98,67.8,2.03,0.85,66.7,6.99,41.9
Alejo Véliz,Espanyol,ATT,0.13,0.01,0.01,0.21,0.08,0,4.34,12.76,66.7,1.39,0.63,22.2,7.46,48.6